"","Country","Year","male_death_rate","female_death_rate"
"12","Albania",2000,39.09,8.5
"13","Albania",2001,30.61,6.68
"14","Albania",2002,34,9.25
"15","Albania",2003,36.8,9.51
"16","Albania",2004,32.13,8.95
"17","Albania",2005,28.65,6.38
"18","Albania",2006,28.07,7.28
"19","Albania",2007,25.83,5.45
"20","Albania",2008,29.83,6.55
"21","Albania",2009,27.84,6.85
"22","Albania",2010,19.26,0.51
"52","Antigua and Barbuda",2000,7.59,6.43
"53","Antigua and Barbuda",2001,2.91,2.96
"54","Antigua and Barbuda",2002,0,2.97
"55","Antigua and Barbuda",2003,14.02,2.18
"56","Antigua and Barbuda",2004,3.57,3.11
"57","Antigua and Barbuda",2005,8.77,2.79
"58","Antigua and Barbuda",2006,8.19,2.52
"59","Antigua and Barbuda",2007,11.28,6.59
"60","Antigua and Barbuda",2008,5.05,4.58
"61","Antigua and Barbuda",2009,23.53,3.85
"62","Antigua and Barbuda",2012,18.12,2.2
"63","Antigua and Barbuda",2013,4.64,2.23
"64","Antigua and Barbuda",2014,1.89,4.11
"65","Antigua and Barbuda",2015,4.36,0
"66","Antigua and Barbuda",2016,16.83,1.91
"67","Antigua and Barbuda",2017,8.37,1.93
"96","Argentina",2000,39.49,7.66
"97","Argentina",2001,36.77,7.89
"98","Argentina",2002,36.11,8.04
"99","Argentina",2003,36.06,8.25
"100","Argentina",2004,35.18,8.71
"101","Argentina",2005,34.58,8.71
"102","Argentina",2006,35.04,9.1
"103","Argentina",2007,33.99,9.1
"104","Argentina",2008,33.33,9.33
"105","Argentina",2009,32.48,9.49
"106","Argentina",2010,31.72,9.59
"107","Argentina",2011,31.57,10.04
"108","Argentina",2012,30.61,9.99
"109","Argentina",2013,29.42,10.43
"110","Argentina",2014,28.71,10.62
"111","Argentina",2015,29.57,10.69
"112","Argentina",2016,27.84,10.5
"113","Argentina",2017,27.18,10.48
"114","Argentina",2018,25.88,10.11
"115","Argentina",2019,24.76,10.4
"133","Armenia",2000,40.77,6.01
"134","Armenia",2001,42.02,5.88
"135","Armenia",2002,48.19,6.74
"136","Armenia",2003,49.22,6.63
"137","Armenia",2006,63.47,9.71
"138","Armenia",2007,63.12,8.54
"139","Armenia",2008,64.3,10.35
"140","Armenia",2009,65.75,11.09
"141","Armenia",2010,62.31,8.81
"142","Armenia",2011,61.25,9.41
"143","Armenia",2012,56.1,8.92
"144","Armenia",2013,52.58,8.18
"145","Armenia",2014,57.37,7.99
"146","Armenia",2015,59.03,9.16
"147","Armenia",2016,56.99,7.71
"148","Armenia",2017,51.12,9.04
"149","Armenia",2018,48.05,7.31
"150","Armenia",2019,54.56,9.32
"201","Australia",2000,36.98,15.79
"202","Australia",2001,36.33,15.88
"203","Australia",2002,35.51,16.34
"204","Australia",2003,33,15.52
"205","Australia",2004,33.92,15.49
"206","Australia",2006,32.46,16.22
"207","Australia",2007,30.96,16.6
"208","Australia",2008,31.88,16.12
"209","Australia",2009,29.32,16.36
"210","Australia",2010,29.39,16.61
"211","Australia",2011,28.99,16.36
"212","Australia",2012,27.54,16.27
"213","Australia",2013,27.29,15.64
"214","Australia",2014,26.27,15.72
"215","Australia",2015,25.8,16.26
"216","Australia",2016,25.02,15.31
"217","Australia",2017,23.71,14.56
"218","Australia",2018,23.6,15.24
"219","Australia",2019,23.59,14.89
"220","Australia",2020,20.89,14.51
"266","Austria",2000,42.13,13.1
"267","Austria",2001,40.82,12.12
"268","Austria",2002,42.02,13.41
"269","Austria",2003,40.04,12.74
"270","Austria",2004,39.06,13.67
"271","Austria",2005,38.21,12.95
"272","Austria",2006,37.83,13.1
"273","Austria",2007,35.41,14.74
"274","Austria",2008,36.83,14.75
"275","Austria",2009,35.96,14.43
"276","Austria",2010,35.25,14.98
"277","Austria",2011,33.43,15.37
"278","Austria",2012,32.92,15.82
"279","Austria",2013,33.11,14.87
"280","Austria",2014,32.69,16.63
"281","Austria",2015,31.2,16.54
"282","Austria",2016,30.9,16.86
"283","Austria",2017,29.96,15.82
"284","Austria",2018,30.36,16.31
"285","Austria",2019,27.79,17
"286","Austria",2020,28.04,16.04
"304","Azerbaijan",2000,21.9,4.21
"305","Azerbaijan",2001,22.95,4.39
"306","Azerbaijan",2002,23.17,5.11
"307","Azerbaijan",2003,25.56,4.89
"308","Azerbaijan",2004,23.82,5
"309","Azerbaijan",2007,13.08,2.98
"325","Bahamas",2000,14.97,7.75
"326","Bahamas",2001,12.52,5.42
"327","Bahamas",2002,20.33,1.54
"328","Bahamas",2003,25.6,6.2
"329","Bahamas",2004,12.49,1.59
"330","Bahamas",2005,18.27,6.37
"331","Bahamas",2006,14.84,5.03
"332","Bahamas",2007,16.27,4.03
"333","Bahamas",2008,18.42,4.7
"334","Bahamas",2009,15.99,7.52
"335","Bahamas",2010,17.98,7.94
"336","Bahamas",2011,19.75,5.58
"337","Bahamas",2012,12.49,4.65
"338","Bahamas",2013,10.23,5.69
"339","Bahamas",2014,9.24,3.96
"340","Bahamas",2015,12.23,4.88
"347","Bahrain",2000,25.54,12.23
"348","Bahrain",2001,36.16,7.42
"349","Bahrain",2002,40.45,6.39
"350","Bahrain",2003,28.51,12.17
"351","Bahrain",2004,27.12,10.28
"352","Bahrain",2005,15.2,10.07
"353","Bahrain",2006,16.8,7.77
"354","Bahrain",2007,15.84,5.18
"355","Bahrain",2008,15.55,10.76
"356","Bahrain",2009,12.36,6.64
"357","Bahrain",2010,16.68,6.6
"358","Bahrain",2011,14.77,6.68
"359","Bahrain",2012,13.47,4
"360","Bahrain",2013,9.79,5.54
"361","Bahrain",2014,7.68,1.22
"397","Barbados",2000,9.71,2.56
"398","Barbados",2001,6.88,1.46
"399","Barbados",2002,7.16,4.94
"400","Barbados",2003,11.6,3.37
"401","Barbados",2004,9.7,2.02
"402","Barbados",2005,9.14,5.05
"403","Barbados",2006,8.17,0.81
"404","Barbados",2007,7.53,2.11
"405","Barbados",2008,8.91,1.9
"406","Barbados",2009,9.08,4.97
"407","Barbados",2010,7.84,5.52
"408","Barbados",2011,6.99,6.56
"409","Barbados",2012,11.81,4.25
"410","Barbados",2013,7.95,4.06
"428","Belarus",2000,60.77,4.33
"429","Belarus",2001,60.32,4.23
"430","Belarus",2002,59.8,4.23
"431","Belarus",2003,59.06,4.01
"432","Belarus",2007,52.7,3.96
"433","Belarus",2008,52.93,3.97
"434","Belarus",2009,51.23,3.82
"435","Belarus",2010,51.76,4.16
"436","Belarus",2011,49.76,3.91
"437","Belarus",2013,43.5,3.62
"438","Belarus",2014,43.77,3.52
"439","Belarus",2018,44.52,3.79
"486","Belgium",2000,65.85,11.91
"487","Belgium",2001,65.66,11.63
"488","Belgium",2002,63.01,12.03
"489","Belgium",2003,60.73,12.63
"490","Belgium",2004,57.91,13.04
"491","Belgium",2005,59.55,14.28
"492","Belgium",2006,57.85,14.73
"493","Belgium",2007,55.74,14.82
"494","Belgium",2008,55.97,15.51
"495","Belgium",2009,53.9,15.14
"496","Belgium",2010,53.78,16.69
"497","Belgium",2011,51.6,17.52
"498","Belgium",2012,47.67,16.22
"499","Belgium",2013,46.68,17.37
"500","Belgium",2014,45.87,17.17
"501","Belgium",2015,42.41,17.23
"502","Belgium",2016,41.58,16.77
"503","Belgium",2017,37.24,15.61
"504","Belgium",2018,36.08,15.87
"537","Belize",2000,15.78,8.08
"538","Belize",2001,20.51,4.74
"539","Belize",2002,32.32,8.02
"540","Belize",2003,17.74,3.16
"541","Belize",2004,15.59,3.16
"542","Belize",2005,28.64,9.03
"543","Belize",2006,17.88,14.11
"544","Belize",2007,19.45,7.15
"545","Belize",2008,16.49,8.73
"546","Belize",2009,10.83,7.34
"547","Belize",2010,10.39,7.58
"548","Belize",2011,20.5,3.07
"549","Belize",2012,11.16,5.02
"550","Belize",2013,12.99,3.4
"551","Belize",2014,12.17,2.98
"552","Belize",2015,15.23,7.83
"553","Belize",2016,13.88,2.94
"561","Bosnia and Herzegovina",2011,53.74,10.69
"562","Bosnia and Herzegovina",2014,50.32,11.04
"563","Bosnia and Herzegovina",2016,50.49,13.4
"564","Bosnia and Herzegovina",2017,48.07,13.44
"565","Bosnia and Herzegovina",2018,49.58,12.31
"566","Bosnia and Herzegovina",2019,49.13,14.39
"567","Bosnia and Herzegovina",2020,45.76,12.09
"589","Brazil",2000,19.04,6.95
"590","Brazil",2001,18.88,6.95
"591","Brazil",2002,18.77,6.89
"592","Brazil",2003,18.66,7.3
"593","Brazil",2004,19.16,7.52
"594","Brazil",2005,19.06,7.63
"595","Brazil",2006,18.52,7.98
"596","Brazil",2007,18.9,8.22
"597","Brazil",2008,18.66,8.41
"598","Brazil",2009,18.26,8.42
"599","Brazil",2010,18.19,8.57
"600","Brazil",2011,17.54,8.78
"601","Brazil",2012,17.6,8.95
"602","Brazil",2013,17.62,9.04
"603","Brazil",2014,17.34,9.28
"604","Brazil",2015,17.18,9.52
"605","Brazil",2016,17.03,9.44
"606","Brazil",2017,16.56,9.51
"607","Brazil",2018,16.19,9.59
"608","Brazil",2019,15.65,9.34
"613","Brunei",2000,36.3,33.86
"614","Brunei",2001,29.66,29.51
"615","Brunei",2002,33.95,36.02
"616","Brunei",2003,35.97,16.02
"617","Brunei",2004,32.5,24.44
"618","Brunei",2005,48.47,19.68
"619","Brunei",2006,25.63,19.69
"620","Brunei",2007,36.56,26.03
"621","Brunei",2008,36.02,22.31
"622","Brunei",2009,23.53,15.3
"623","Brunei",2010,27.53,18.38
"624","Brunei",2011,28.86,19.53
"625","Brunei",2012,22.98,19.72
"626","Brunei",2013,32.01,25.7
"627","Brunei",2014,31.64,23.07
"628","Brunei",2015,21.23,20.33
"629","Brunei",2016,25.33,13.87
"630","Brunei",2017,25.02,14.51
"631","Brunei",2018,15.9,16.39
"632","Brunei",2019,19.15,21.6
"669","Bulgaria",2000,40.38,7.19
"670","Bulgaria",2001,40.88,7.03
"671","Bulgaria",2002,42.84,7.01
"672","Bulgaria",2003,44.29,6.95
"673","Bulgaria",2004,43.94,7.44
"674","Bulgaria",2005,48,8.8
"675","Bulgaria",2006,47.19,7.76
"676","Bulgaria",2007,47.37,8.45
"677","Bulgaria",2008,48.88,8.16
"678","Bulgaria",2009,45.65,8.07
"679","Bulgaria",2010,46.06,7.6
"680","Bulgaria",2011,45.16,8.85
"681","Bulgaria",2012,47.39,9.32
"682","Bulgaria",2013,48.02,8.69
"683","Bulgaria",2014,44.26,9.78
"684","Bulgaria",2015,44.01,9.77
"685","Bulgaria",2016,42.34,9.21
"686","Bulgaria",2017,41.62,9.55
"687","Bulgaria",2018,40.34,10.49
"688","Bulgaria",2019,41.75,10.68
"739","Canada",2000,49.76,27.69
"740","Canada",2001,49.87,27.56
"741","Canada",2002,49.69,28.28
"742","Canada",2003,48.08,28.23
"743","Canada",2004,46.4,28.86
"744","Canada",2005,45.88,28.59
"745","Canada",2006,44.01,29.22
"746","Canada",2007,43.58,28.71
"747","Canada",2008,41.74,28.62
"748","Canada",2009,41.3,28.51
"749","Canada",2010,39.8,28.33
"750","Canada",2011,38.42,27.37
"751","Canada",2012,37.77,27.41
"752","Canada",2013,35.53,27.17
"753","Canada",2014,35.88,26.94
"754","Canada",2015,33.79,26.12
"755","Canada",2016,32.12,25.62
"756","Canada",2017,31.51,24.76
"757","Canada",2018,30.06,23.67
"758","Canada",2019,28.75,22.53
"760","Cape Verde",2011,17.52,5.55
"806","Chile",2000,21.52,7.81
"807","Chile",2001,21.61,8.2
"808","Chile",2002,21.14,8.21
"809","Chile",2003,19.89,8
"810","Chile",2004,21.36,8.32
"811","Chile",2005,20.94,8.69
"812","Chile",2006,21.17,8.92
"813","Chile",2007,20.26,8.91
"814","Chile",2008,18.61,8.76
"815","Chile",2009,19.62,8.83
"816","Chile",2010,20.17,8.66
"817","Chile",2011,19.82,9.3
"818","Chile",2012,18.69,9.81
"819","Chile",2013,19.37,9.89
"820","Chile",2014,18.91,9.61
"821","Chile",2015,18.37,9.55
"822","Chile",2016,17.96,9.42
"823","Chile",2017,17.45,9.69
"824","Chile",2018,17.39,9.21
"863","Colombia",2000,15.3,7.69
"864","Colombia",2001,15.39,7.7
"865","Colombia",2002,15.43,7.83
"866","Colombia",2003,15.23,8.27
"867","Colombia",2004,16.06,8.4
"868","Colombia",2005,15.92,8.28
"869","Colombia",2006,15.74,8.28
"870","Colombia",2007,15.53,7.87
"871","Colombia",2008,14.83,7.7
"872","Colombia",2009,14.42,7.59
"873","Colombia",2010,14,7.67
"874","Colombia",2011,13.52,7.27
"875","Colombia",2012,12.76,7.57
"876","Colombia",2013,13.31,7.14
"877","Colombia",2014,13.34,7.54
"878","Colombia",2015,12.99,7.74
"879","Colombia",2016,12.74,7.32
"880","Colombia",2017,12.58,7.25
"881","Colombia",2018,11.52,7.15
"882","Colombia",2019,10.86,6.37
"922","Costa Rica",2000,12.91,5.91
"923","Costa Rica",2001,13.17,4.89
"924","Costa Rica",2002,11.21,4.13
"925","Costa Rica",2003,11.9,5.18
"926","Costa Rica",2004,10.88,5.09
"927","Costa Rica",2005,10.29,4.88
"928","Costa Rica",2006,9.69,3.31
"929","Costa Rica",2007,8.94,3.45
"930","Costa Rica",2008,7.74,3.43
"931","Costa Rica",2009,8.05,3.47
"932","Costa Rica",2010,9.41,4.14
"933","Costa Rica",2011,9.79,3.63
"934","Costa Rica",2012,9.19,3.7
"935","Costa Rica",2013,8.6,3.51
"936","Costa Rica",2014,7.68,3.78
"937","Costa Rica",2015,7.65,4.06
"938","Costa Rica",2016,7.31,4.03
"939","Costa Rica",2017,7.22,3.54
"940","Costa Rica",2018,8.35,4.22
"941","Costa Rica",2019,8.62,4.41
"942","Costa Rica",2020,8.64,3.47
"958","Croatia",2000,80.64,13.26
"959","Croatia",2001,70.57,11.08
"960","Croatia",2002,66.59,11.72
"961","Croatia",2003,66,12.39
"962","Croatia",2004,65.49,12.08
"963","Croatia",2005,63.63,12.32
"964","Croatia",2006,64.93,13.04
"965","Croatia",2007,64.6,13.17
"966","Croatia",2008,62.9,13.7
"967","Croatia",2009,63.09,13.36
"968","Croatia",2010,60.63,14.34
"969","Croatia",2011,59.86,15.83
"970","Croatia",2012,59.2,14.66
"971","Croatia",2013,58.13,15.34
"972","Croatia",2014,56.96,16.4
"973","Croatia",2015,57.21,15.5
"974","Croatia",2016,57.19,15.42
"975","Croatia",2017,56.98,17.85
"976","Croatia",2019,51.73,17.74
"1010","Cuba",2000,41.51,17.4
"1011","Cuba",2001,41.05,17.37
"1012","Cuba",2002,43.58,18.45
"1013","Cuba",2003,44.91,19.19
"1014","Cuba",2004,44.46,19.22
"1015","Cuba",2005,43.78,19.95
"1016","Cuba",2006,43.46,19.92
"1017","Cuba",2007,45.2,20.57
"1018","Cuba",2008,45.1,21.83
"1019","Cuba",2009,44.22,21.29
"1020","Cuba",2010,43.06,21.66
"1021","Cuba",2011,40.94,20.5
"1022","Cuba",2012,41.01,20.3
"1023","Cuba",2013,40.3,20.8
"1024","Cuba",2014,40.94,21.17
"1025","Cuba",2015,41.04,20.37
"1026","Cuba",2016,39.67,20.4
"1027","Cuba",2017,39.87,20.39
"1028","Cuba",2018,38.27,19.97
"1029","Cuba",2019,36.35,20.56
"1031","Cyprus",2000,10.05,0.62
"1032","Cyprus",2004,30.04,4.1
"1033","Cyprus",2005,26.04,8.91
"1034","Cyprus",2006,23.87,5.64
"1035","Cyprus",2007,23.84,6.24
"1036","Cyprus",2008,25.83,5.72
"1037","Cyprus",2009,29.91,7.61
"1038","Cyprus",2010,25.72,5.72
"1039","Cyprus",2011,30.89,7.15
"1040","Cyprus",2012,32.45,7.06
"1041","Cyprus",2013,31.82,4.53
"1042","Cyprus",2014,30.49,6.5
"1043","Cyprus",2015,27.56,7.16
"1044","Cyprus",2016,27.87,7.91
"1045","Cyprus",2017,34.31,6.63
"1046","Cyprus",2018,28.37,7.84
"1061","Czechia",2000,68.51,13.88
"1062","Czechia",2001,64.66,14.5
"1063","Czechia",2002,63.68,13.82
"1064","Czechia",2003,61.41,14.34
"1065","Czechia",2004,62.13,14.2
"1066","Czechia",2005,58.3,14.31
"1067","Czechia",2006,55.84,14.95
"1068","Czechia",2007,53.88,14.54
"1069","Czechia",2008,51.12,14.58
"1070","Czechia",2009,50.62,14.25
"1071","Czechia",2010,49.96,14.75
"1072","Czechia",2011,47.48,15.77
"1073","Czechia",2012,45.57,16
"1074","Czechia",2013,43.09,15.09
"1075","Czechia",2014,40.68,14.75
"1076","Czechia",2015,39.39,14.75
"1077","Czechia",2016,38.97,14.51
"1078","Czechia",2017,38.33,15.28
"1079","Czechia",2018,34.91,15.25
"1080","Czechia",2019,34.97,14.69
"1081","Czechia",2020,33.7,14.55
"1131","Denmark",2000,50.78,30.44
"1132","Denmark",2001,48.87,31.27
"1133","Denmark",2002,46.32,30.54
"1134","Denmark",2003,47.11,31.37
"1135","Denmark",2004,47.82,32.82
"1136","Denmark",2005,45.7,33.88
"1137","Denmark",2006,47.82,33.67
"1138","Denmark",2007,41.67,30.17
"1139","Denmark",2008,43.27,32.39
"1140","Denmark",2009,40.51,32.42
"1141","Denmark",2010,40.71,32.22
"1142","Denmark",2011,37.39,31.02
"1143","Denmark",2012,39.24,31.04
"1144","Denmark",2013,37.55,29.84
"1145","Denmark",2014,37.65,29.28
"1146","Denmark",2015,34.79,29.35
"1147","Denmark",2016,33.73,28.48
"1148","Denmark",2017,33.33,27.34
"1149","Denmark",2018,29.29,25.29
"1184","Dominican Republic",2000,9.02,3.78
"1185","Dominican Republic",2001,9.28,5.46
"1186","Dominican Republic",2002,9.24,5.93
"1187","Dominican Republic",2003,8.64,5.08
"1188","Dominican Republic",2004,8.79,5.02
"1189","Dominican Republic",2005,9.05,5.28
"1190","Dominican Republic",2006,7.74,5.14
"1191","Dominican Republic",2007,7.87,4.58
"1192","Dominican Republic",2008,7.6,4.19
"1193","Dominican Republic",2009,8.3,4.08
"1194","Dominican Republic",2010,7.94,5.34
"1195","Dominican Republic",2011,9.35,5.4
"1196","Dominican Republic",2012,7.83,5.33
"1197","Dominican Republic",2013,8.43,5.22
"1198","Dominican Republic",2014,8.12,4.85
"1199","Dominican Republic",2015,5.76,3.94
"1200","Dominican Republic",2016,6.33,4.73
"1201","Dominican Republic",2017,6.13,4.35
"1202","Dominican Republic",2018,7.02,4.7
"1236","Ecuador",2000,7.86,3.78
"1237","Ecuador",2001,7.74,4.29
"1238","Ecuador",2002,8.59,4.11
"1239","Ecuador",2003,7.52,3.75
"1240","Ecuador",2004,7.76,4.79
"1241","Ecuador",2005,8.15,4.79
"1242","Ecuador",2006,7.79,4.13
"1243","Ecuador",2007,7.51,4.56
"1244","Ecuador",2008,7.87,4.16
"1245","Ecuador",2009,7.66,4.68
"1246","Ecuador",2010,8.08,4.51
"1247","Ecuador",2011,7.96,4.74
"1248","Ecuador",2012,7.58,4.9
"1249","Ecuador",2013,6.34,3.92
"1250","Ecuador",2014,6.21,4.7
"1251","Ecuador",2015,6.37,4.09
"1252","Ecuador",2016,5.7,4.51
"1253","Ecuador",2017,6.35,4.9
"1254","Ecuador",2018,6.18,4.07
"1255","Ecuador",2019,6.99,4.5
"1256","Ecuador",2020,5.29,3.82
"1274","Egypt",2000,4.62,1.59
"1275","Egypt",2001,5.63,1.91
"1276","Egypt",2002,5.68,1.94
"1277","Egypt",2003,6.14,2.09
"1278","Egypt",2004,6.67,2.53
"1279","Egypt",2005,6.81,2.69
"1280","Egypt",2006,6.85,2.56
"1281","Egypt",2007,6.73,2.52
"1282","Egypt",2008,7.24,2.94
"1283","Egypt",2009,7.38,3.05
"1284","Egypt",2010,7.67,3.21
"1285","Egypt",2011,8.05,3.18
"1286","Egypt",2012,7.72,3.37
"1287","Egypt",2013,8.36,3.06
"1288","Egypt",2014,8.47,3.93
"1289","Egypt",2015,8.53,3.89
"1290","Egypt",2016,8.45,3.85
"1291","Egypt",2017,8.26,4.49
"1292","Egypt",2018,8.59,4.31
"1293","Egypt",2019,6.96,2.96
"1303","El Salvador",2000,5.35,4.25
"1304","El Salvador",2001,5.94,4.44
"1305","El Salvador",2002,6.57,3.63
"1306","El Salvador",2003,6.03,4.52
"1307","El Salvador",2004,4.88,4.39
"1308","El Salvador",2005,5.66,4.41
"1309","El Salvador",2006,5.79,4.24
"1310","El Salvador",2007,5.14,4.1
"1311","El Salvador",2008,6.04,3.68
"1312","El Salvador",2009,4.03,3.47
"1313","El Salvador",2010,4.69,3.74
"1314","El Salvador",2011,5.29,3.97
"1315","El Salvador",2012,5.59,3.95
"1316","El Salvador",2013,5.67,3.68
"1317","El Salvador",2014,4.9,3.68
"1318","El Salvador",2015,3.76,2.54
"1319","El Salvador",2016,3.89,2.77
"1320","El Salvador",2017,2.94,2.34
"1321","El Salvador",2018,3.17,2.44
"1339","Estonia",2000,66.37,8.14
"1340","Estonia",2001,65.94,8.76
"1341","Estonia",2002,65.63,8.58
"1342","Estonia",2003,67.53,8.53
"1343","Estonia",2004,59.44,10.11
"1344","Estonia",2005,57.4,9.28
"1345","Estonia",2006,63.88,9.75
"1346","Estonia",2007,63.96,8.54
"1347","Estonia",2008,62.18,9.13
"1348","Estonia",2009,52.55,8.55
"1349","Estonia",2010,55.03,8.35
"1350","Estonia",2011,53.07,9.75
"1351","Estonia",2012,55.02,10.17
"1352","Estonia",2013,50.2,10.76
"1353","Estonia",2014,54.34,10.54
"1354","Estonia",2015,50.95,10.1
"1355","Estonia",2016,46.53,11.02
"1356","Estonia",2017,45.75,9.05
"1357","Estonia",2018,47.97,9.13
"1358","Estonia",2019,43.61,9.71
"1359","Estonia",2020,43.74,7.18
"1361","Fiji",2001,7.85,3.53
"1362","Fiji",2002,4.32,1.14
"1363","Fiji",2003,6.32,3.02
"1364","Fiji",2004,8.05,3.88
"1365","Fiji",2005,6.92,2.14
"1366","Fiji",2006,10.02,4.46
"1367","Fiji",2007,9.04,6.29
"1368","Fiji",2008,2.79,2.67
"1369","Fiji",2009,6.09,5.22
"1370","Fiji",2011,10.48,5.67
"1371","Fiji",2012,6.86,3.77
"1420","Finland",2000,39.11,8.79
"1421","Finland",2001,38.73,9.29
"1422","Finland",2002,37,9.12
"1423","Finland",2003,36.5,9.79
"1424","Finland",2004,34.76,9.09
"1425","Finland",2005,34.85,9.68
"1426","Finland",2006,34.88,9.52
"1427","Finland",2007,33.94,10.28
"1428","Finland",2008,31.25,10.62
"1429","Finland",2009,31.43,10.17
"1430","Finland",2010,32.92,10.96
"1431","Finland",2011,29.88,10.93
"1432","Finland",2012,28.92,11.52
"1433","Finland",2013,29.27,11.35
"1434","Finland",2014,26.24,11.75
"1435","Finland",2015,26.89,11.45
"1436","Finland",2016,26.68,11.5
"1437","Finland",2017,26.13,11.02
"1438","Finland",2018,24.83,11.27
"1439","Finland",2019,24.79,11.11
"1490","France",2000,50.46,8.19
"1491","France",2001,49.72,8.49
"1492","France",2002,49.26,9.24
"1493","France",2003,48.44,9.89
"1494","France",2004,48.44,10.14
"1495","France",2005,48.66,10.81
"1496","France",2006,47.76,11.25
"1497","France",2007,47.14,11.29
"1498","France",2008,45.92,11.84
"1499","France",2009,45.8,12.33
"1500","France",2010,44.47,12.36
"1501","France",2011,44.02,12.56
"1502","France",2012,42.69,13.37
"1503","France",2013,41.77,12.78
"1504","France",2014,41.41,13.96
"1505","France",2015,40.95,13.91
"1506","France",2016,39.31,13.8
"1519","French Guiana",2001,24.7,10
"1520","French Guiana",2002,17.52,7.78
"1521","French Guiana",2003,23.66,2.15
"1522","French Guiana",2004,21.66,12.27
"1523","French Guiana",2005,15.53,1.67
"1524","French Guiana",2006,12.23,3.17
"1525","French Guiana",2007,17.27,7.16
"1526","French Guiana",2008,14.71,2.65
"1527","French Guiana",2009,8.15,6.15
"1528","French Guiana",2010,15.99,9.85
"1529","French Guiana",2011,7.95,5.57
"1530","French Guiana",2012,30.39,8.66
"1531","French Guiana",2013,13.34,3.6
"1532","French Guiana",2014,20.2,6.24
"1533","French Guiana",2015,31.76,8.91
"1534","French Guiana",2016,17.74,5.47
"1551","Georgia",2000,26.06,5.12
"1552","Georgia",2001,26.72,4.8
"1553","Georgia",2004,28.85,5.99
"1554","Georgia",2005,19.48,4.44
"1555","Georgia",2006,17.66,2.95
"1556","Georgia",2007,15.93,2.23
"1557","Georgia",2009,24.49,3.66
"1558","Georgia",2010,11.93,1.81
"1559","Georgia",2011,23.05,3.04
"1560","Georgia",2012,25.99,2.96
"1561","Georgia",2013,25.62,2.25
"1562","Georgia",2014,33.35,3.97
"1563","Georgia",2015,35.98,4.28
"1564","Georgia",2016,38.97,3.68
"1565","Georgia",2017,37.34,4.04
"1566","Georgia",2018,39.3,4.99
"1567","Georgia",2019,37.76,4.18
"1568","Georgia",2020,37.7,5.64
"1579","Germany",2000,47.56,12.05
"1580","Germany",2001,45.36,12.12
"1581","Germany",2002,44.6,12.55
"1582","Germany",2003,43.51,12.71
"1583","Germany",2004,42.51,13.09
"1584","Germany",2005,41.63,13.75
"1585","Germany",2006,40.78,13.83
"1586","Germany",2007,40.05,14.21
"1587","Germany",2008,39.71,14.71
"1588","Germany",2009,38.42,14.76
"1589","Germany",2010,37.8,15.15
"1590","Germany",2011,37.36,15.79
"1591","Germany",2012,36.7,16.05
"1592","Germany",2013,37,16.46
"1593","Germany",2014,36.03,16.51
"1594","Germany",2015,35.13,16.77
"1595","Germany",2016,34.45,17.09
"1596","Germany",2017,33.11,16.76
"1597","Germany",2018,32.3,16.63
"1598","Germany",2019,30.99,16.77
"1599","Germany",2020,30.49,16.57
"1639","Greece",2000,55.29,8.54
"1640","Greece",2001,54.94,8.31
"1641","Greece",2002,52.95,8.47
"1642","Greece",2003,53.58,8.63
"1643","Greece",2004,54.52,8.38
"1644","Greece",2005,53.54,8.27
"1645","Greece",2006,52.78,8.36
"1646","Greece",2007,52.63,8.71
"1647","Greece",2008,52.85,9.4
"1648","Greece",2009,52.1,9.27
"1649","Greece",2010,50.32,9.81
"1650","Greece",2011,50.69,9.87
"1651","Greece",2012,52.46,10.42
"1652","Greece",2013,53.99,11.18
"1653","Greece",2014,54.3,10.98
"1654","Greece",2015,53.12,11.46
"1655","Greece",2016,51.43,11.74
"1656","Greece",2017,51.37,11.08
"1657","Greece",2018,49.37,11.8
"1658","Greece",2019,48.49,11.98
"1669","Grenada",2001,2.65,1.6
"1670","Grenada",2002,13.34,2.8
"1671","Grenada",2003,16.29,5.87
"1672","Grenada",2004,15.24,2
"1673","Grenada",2005,15.46,0
"1674","Grenada",2006,27.95,5.85
"1675","Grenada",2007,16.96,4.39
"1676","Grenada",2008,16.04,2.93
"1677","Grenada",2009,10.83,3.13
"1678","Grenada",2010,11.65,2.73
"1679","Grenada",2011,13.3,4.07
"1680","Grenada",2012,9.75,13.86
"1681","Grenada",2013,11.75,2.09
"1682","Grenada",2014,26.13,5.82
"1683","Grenada",2015,10.2,2.77
"1684","Grenada",2016,25.35,13.17
"1685","Grenada",2017,13.29,4.37
"1686","Grenada",2018,11.22,7.17
"1689","Guadeloupe",2000,19.47,4.45
"1690","Guadeloupe",2001,17.56,5.86
"1691","Guadeloupe",2002,19.15,5.61
"1692","Guadeloupe",2003,15.38,3.75
"1693","Guadeloupe",2004,14.33,3.52
"1694","Guadeloupe",2005,19.39,4.94
"1695","Guadeloupe",2006,14.75,5.14
"1696","Guadeloupe",2007,16.82,6.96
"1697","Guadeloupe",2008,15.95,6.37
"1698","Guadeloupe",2009,12.66,4.98
"1699","Guadeloupe",2010,16.3,5.45
"1700","Guadeloupe",2011,11.69,5.19
"1701","Guadeloupe",2012,11.58,4.41
"1702","Guadeloupe",2013,9.99,4.75
"1703","Guadeloupe",2014,14.12,3.24
"1704","Guadeloupe",2015,12.97,5.58
"1705","Guadeloupe",2016,12.94,6.22
"1738","Guatemala",2000,7.23,4.16
"1739","Guatemala",2001,6.61,4.58
"1740","Guatemala",2002,6.67,4.42
"1741","Guatemala",2003,7.3,4.67
"1742","Guatemala",2004,7.09,4.84
"1743","Guatemala",2005,7.68,4.69
"1744","Guatemala",2006,6.38,4.12
"1745","Guatemala",2007,7.13,4.33
"1746","Guatemala",2008,6.91,4.21
"1747","Guatemala",2009,5.88,4.11
"1748","Guatemala",2010,6.11,3.69
"1749","Guatemala",2011,4.33,3.62
"1750","Guatemala",2012,5.37,2.81
"1751","Guatemala",2013,4.92,3.07
"1752","Guatemala",2014,4.75,3.31
"1753","Guatemala",2015,4.57,2.84
"1754","Guatemala",2016,4.72,3.52
"1755","Guatemala",2017,4.28,3.2
"1756","Guatemala",2018,4.84,3.18
"1757","Guatemala",2019,4.79,3.37
"1758","Guatemala",2020,4.49,3.45
"1773","Guyana",2001,12.06,4.95
"1774","Guyana",2002,4.28,2.81
"1775","Guyana",2003,7.46,2.66
"1776","Guyana",2004,5.05,1.65
"1777","Guyana",2005,11.01,1.55
"1778","Guyana",2006,6.98,4.55
"1779","Guyana",2007,4.18,2.23
"1780","Guyana",2008,4.97,2.05
"1781","Guyana",2009,6.45,2.35
"1782","Guyana",2010,8.51,5.26
"1783","Guyana",2011,6.01,3.14
"1784","Guyana",2012,2.08,1.53
"1785","Guyana",2013,9.18,3.73
"1786","Guyana",2014,6.04,2.94
"1832","Hong Kong",2000,60.22,22.42
"1833","Hong Kong",2001,55.45,22.04
"1834","Hong Kong",2002,54.88,21.86
"1835","Hong Kong",2003,54.91,20.51
"1836","Hong Kong",2004,54.38,20.84
"1837","Hong Kong",2005,55.2,20.82
"1838","Hong Kong",2006,50.88,19.66
"1839","Hong Kong",2007,51.5,18.41
"1840","Hong Kong",2008,45.72,19.05
"1841","Hong Kong",2009,47.01,18.75
"1842","Hong Kong",2010,45.51,18.25
"1843","Hong Kong",2011,44.93,18.29
"1844","Hong Kong",2012,44.39,18.42
"1845","Hong Kong",2013,41.1,18.42
"1846","Hong Kong",2014,40.61,17.66
"1847","Hong Kong",2015,40.54,18.48
"1848","Hong Kong",2016,38.16,15.21
"1849","Hong Kong",2017,37.59,15.53
"1895","Hungary",2000,91.03,24.13
"1896","Hungary",2001,87.07,23.55
"1897","Hungary",2002,85.49,24.81
"1898","Hungary",2003,87.58,25.25
"1899","Hungary",2004,86.76,25.29
"1900","Hungary",2005,78.54,24.14
"1901","Hungary",2006,78.75,24.6
"1902","Hungary",2007,80.77,27.43
"1903","Hungary",2008,80.43,28.5
"1904","Hungary",2009,80.87,28.76
"1905","Hungary",2010,80.72,29.71
"1906","Hungary",2011,77.27,30.05
"1907","Hungary",2012,77.87,30.72
"1908","Hungary",2013,72.37,30.86
"1909","Hungary",2014,71.74,31.59
"1910","Hungary",2015,69.37,32
"1911","Hungary",2016,70.77,30.89
"1912","Hungary",2017,67.91,31.8
"1913","Hungary",2018,66.85,30.54
"1914","Hungary",2019,61.6,30.63
"1964","Iceland",2000,30.43,29.19
"1965","Iceland",2001,33.89,26.08
"1966","Iceland",2002,28.5,25.24
"1967","Iceland",2003,31.14,29.13
"1968","Iceland",2004,28.03,30.69
"1969","Iceland",2005,38.88,28
"1970","Iceland",2006,31.03,30.52
"1971","Iceland",2007,36.36,28.05
"1972","Iceland",2008,29.24,31.36
"1973","Iceland",2009,29,27.45
"1974","Iceland",2010,32.12,29.99
"1975","Iceland",2011,30.8,27.69
"1976","Iceland",2012,29.06,29.69
"1977","Iceland",2013,27.39,24.48
"1978","Iceland",2014,27.24,25.44
"1979","Iceland",2015,18.85,25.43
"1980","Iceland",2016,27.68,27.89
"1981","Iceland",2017,24.19,20.45
"1982","Iceland",2018,22.35,21.28
"1983","Iceland",2019,17.43,22.24
"1984","Iceland",2020,17.37,20.47
"1985","Iran",2013,10.48,4.97
"1986","Iran",2014,10.21,4.96
"1987","Iran",2015,11.21,5.36
"1988","Iran",2016,12.04,5.29
"1989","Iraq",2008,12.7,4.57
"1990","Iraq",2015,16.01,5.67
"1991","Iraq",2016,16.54,6.13
"2042","Ireland",2000,45.09,21.72
"2043","Ireland",2001,42.23,19.29
"2044","Ireland",2002,40.89,19.47
"2045","Ireland",2003,42.23,20.73
"2046","Ireland",2004,41.38,21.58
"2047","Ireland",2005,38.14,21.92
"2048","Ireland",2006,38.36,21.76
"2049","Ireland",2007,39.88,21.08
"2050","Ireland",2008,37.72,22.02
"2051","Ireland",2009,39.18,21.48
"2052","Ireland",2010,34.79,21.11
"2053","Ireland",2011,37.53,22.13
"2054","Ireland",2012,35.73,20.69
"2055","Ireland",2013,34.76,20.98
"2056","Ireland",2014,34.04,24.17
"2057","Ireland",2015,31.54,20.58
"2058","Ireland",2018,27.96,19
"2084","Israel",2000,29.69,10.59
"2085","Israel",2001,30.18,9.99
"2086","Israel",2002,30.79,10.27
"2087","Israel",2003,29.13,10.36
"2088","Israel",2004,30.86,10.04
"2089","Israel",2005,28.14,10.32
"2090","Israel",2006,30.54,10.84
"2091","Israel",2007,28.9,10.53
"2092","Israel",2008,28.65,10.13
"2093","Israel",2009,27.73,10.39
"2094","Israel",2010,30.83,11.1
"2095","Israel",2011,28.23,12.12
"2096","Israel",2012,27.42,10.75
"2097","Israel",2013,27.97,10.58
"2098","Israel",2014,28.1,11.48
"2099","Israel",2015,26.85,10.91
"2100","Israel",2016,25.81,10.11
"2101","Israel",2017,24.1,9.28
"2102","Israel",2018,23.79,9.84
"2152","Italy",2000,54.03,9.71
"2153","Italy",2001,53.47,9.81
"2154","Italy",2002,51.94,10.17
"2155","Italy",2003,50.7,9.83
"2156","Italy",2004,48.76,10.16
"2157","Italy",2005,47.74,10.14
"2158","Italy",2006,46.7,10.42
"2159","Italy",2007,45.54,10.77
"2160","Italy",2008,44.28,10.87
"2161","Italy",2009,43.36,11.08
"2162","Italy",2010,42.5,11.19
"2163","Italy",2011,41.96,11.74
"2164","Italy",2012,40.47,11.7
"2165","Italy",2013,38.89,11.83
"2166","Italy",2014,37.39,11.91
"2167","Italy",2015,36.9,12.17
"2168","Italy",2016,35.62,12.21
"2169","Italy",2017,34.76,12.43
"2187","Jamaica",2000,26.73,4.98
"2188","Jamaica",2001,25.78,5.4
"2189","Jamaica",2002,19.42,4.29
"2190","Jamaica",2003,23.33,5.07
"2191","Jamaica",2004,22.85,5.74
"2192","Jamaica",2005,25.68,5.56
"2193","Jamaica",2006,23.89,6.1
"2194","Jamaica",2009,27.76,5.56
"2195","Jamaica",2010,20.55,5.48
"2196","Jamaica",2011,22.15,6.57
"2197","Jamaica",2012,22.57,4.81
"2198","Jamaica",2013,22.78,6.24
"2199","Jamaica",2014,21.26,6.63
"2250","Japan",2000,37.04,10
"2251","Japan",2001,36.44,9.89
"2252","Japan",2002,36.24,9.56
"2253","Japan",2003,35.4,9.03
"2254","Japan",2004,36.14,9.37
"2255","Japan",2005,35.75,9.52
"2256","Japan",2006,35.31,9.5
"2257","Japan",2007,35.28,9.47
"2258","Japan",2008,34.91,9.48
"2259","Japan",2009,34.11,9.26
"2260","Japan",2010,34.13,9.35
"2261","Japan",2011,33.54,9.26
"2262","Japan",2012,32.97,9.23
"2263","Japan",2013,32.55,9.22
"2264","Japan",2014,31.93,9.18
"2265","Japan",2015,31.52,9
"2266","Japan",2016,30.28,8.86
"2267","Japan",2017,29.59,8.36
"2268","Japan",2018,28.54,8.54
"2269","Japan",2019,28.35,8.38
"2270","Jordan",2008,19.27,3.17
"2271","Jordan",2009,17.37,4.22
"2272","Jordan",2010,18.16,4.33
"2273","Jordan",2011,19.44,4.04
"2274","Jordan",2012,18.32,4.1
"2275","Jordan",2015,15.25,5.04
"2276","Jordan",2016,16.02,3.63
"2277","Jordan",2017,16.43,3.57
"2278","Jordan",2018,15.08,4.22
"2296","Kazakhstan",2000,61.22,8.75
"2297","Kazakhstan",2001,56.25,8.53
"2298","Kazakhstan",2002,56.36,8.46
"2299","Kazakhstan",2003,55.96,8.2
"2300","Kazakhstan",2004,52.63,6.96
"2301","Kazakhstan",2005,52.12,7.66
"2302","Kazakhstan",2006,48.53,7.15
"2303","Kazakhstan",2007,49.11,6.29
"2304","Kazakhstan",2008,45.66,7
"2305","Kazakhstan",2009,45.49,6.44
"2306","Kazakhstan",2010,43.47,5.9
"2307","Kazakhstan",2011,39.98,6.04
"2308","Kazakhstan",2012,39.9,6.05
"2309","Kazakhstan",2013,39.94,5.58
"2310","Kazakhstan",2014,34.61,5.59
"2311","Kazakhstan",2015,33.33,5.16
"2312","Kazakhstan",2016,30.97,4.96
"2313","Kazakhstan",2017,28.27,4.47
"2314","Kazakhstan",2018,27.43,4.15
"2315","Kazakhstan",2019,25.45,4.01
"2316","Kazakhstan",2020,24.65,4.26
"2338","Kuwait",2000,19.76,6.01
"2339","Kuwait",2001,10.79,4.97
"2340","Kuwait",2002,13.33,3.7
"2341","Kuwait",2003,17.6,7.34
"2342","Kuwait",2004,18.6,3.37
"2343","Kuwait",2005,12.77,11.51
"2344","Kuwait",2006,16.31,9.93
"2345","Kuwait",2007,13.51,6.52
"2346","Kuwait",2008,9.35,5.6
"2347","Kuwait",2009,9.43,4.7
"2348","Kuwait",2010,10.46,4.54
"2349","Kuwait",2011,10.35,3.36
"2350","Kuwait",2012,12.1,5.54
"2351","Kuwait",2013,11.24,5.16
"2352","Kuwait",2014,12.49,4.46
"2353","Kuwait",2015,11.85,4.87
"2354","Kuwait",2016,10.19,4.13
"2355","Kuwait",2017,11.99,4.69
"2356","Kuwait",2018,7.83,4.01
"2357","Kuwait",2019,10.1,3.71
"2375","Kyrgyzstan",2000,22.45,5.5
"2376","Kyrgyzstan",2001,21.91,5.32
"2377","Kyrgyzstan",2002,24.47,4.72
"2378","Kyrgyzstan",2003,24.36,5.35
"2379","Kyrgyzstan",2004,22.55,5.09
"2380","Kyrgyzstan",2005,22.42,4.51
"2381","Kyrgyzstan",2006,21.7,4.98
"2382","Kyrgyzstan",2007,19.06,4.31
"2383","Kyrgyzstan",2008,18.49,4.17
"2384","Kyrgyzstan",2009,22.91,4.86
"2385","Kyrgyzstan",2010,22.75,5.21
"2386","Kyrgyzstan",2011,21.32,4.48
"2387","Kyrgyzstan",2012,21.01,4.1
"2388","Kyrgyzstan",2013,23.19,5.36
"2389","Kyrgyzstan",2014,25.24,4.5
"2390","Kyrgyzstan",2015,20.58,4.93
"2391","Kyrgyzstan",2016,20.85,5.85
"2392","Kyrgyzstan",2017,21.2,4.55
"2393","Kyrgyzstan",2018,22.41,4.85
"2394","Kyrgyzstan",2019,19.25,4.8
"2415","Latvia",2000,61.66,6.82
"2416","Latvia",2001,67.42,7.16
"2417","Latvia",2002,62.97,7
"2418","Latvia",2003,61.66,7.58
"2419","Latvia",2004,62.59,6.55
"2420","Latvia",2005,60.55,8.03
"2421","Latvia",2006,66.39,8.13
"2422","Latvia",2007,59.32,8.34
"2423","Latvia",2008,59.47,6.04
"2424","Latvia",2009,59.12,7.1
"2425","Latvia",2010,57.6,7.26
"2426","Latvia",2011,55.81,7.85
"2427","Latvia",2012,54.22,8.09
"2428","Latvia",2013,53.67,8.08
"2429","Latvia",2014,51.76,7.26
"2430","Latvia",2015,45.62,8.57
"2431","Latvia",2016,49.58,7.25
"2432","Latvia",2017,52.1,7.99
"2433","Latvia",2018,46.46,8.72
"2434","Latvia",2019,46.77,7.48
"2435","Latvia",2020,47.76,8.55
"2436","Lebanon",2019,18.01,8.25
"2454","Lithuania",2000,59.91,5.89
"2455","Lithuania",2001,61.65,6.75
"2456","Lithuania",2002,60.63,5.56
"2457","Lithuania",2003,59.4,6.88
"2458","Lithuania",2004,56.84,6.48
"2459","Lithuania",2005,55.13,6.47
"2460","Lithuania",2006,59.25,6.75
"2461","Lithuania",2007,58.94,5.99
"2462","Lithuania",2008,55.42,6.47
"2463","Lithuania",2009,54.93,6.88
"2464","Lithuania",2010,53.18,5.44
"2465","Lithuania",2011,55.5,5.7
"2466","Lithuania",2012,51.95,7.21
"2467","Lithuania",2013,49.99,7.19
"2468","Lithuania",2014,50.49,7.13
"2469","Lithuania",2015,51.2,6.57
"2470","Lithuania",2016,47.66,6.99
"2471","Lithuania",2017,44.18,7.48
"2472","Lithuania",2018,42.81,6.99
"2473","Lithuania",2019,44.87,7.53
"2474","Lithuania",2020,42.2,7.33
"2508","Luxembourg",2000,54.82,12.09
"2509","Luxembourg",2001,46.98,11.96
"2510","Luxembourg",2002,50.36,9.03
"2511","Luxembourg",2003,52.65,16.52
"2512","Luxembourg",2004,46.86,11.43
"2513","Luxembourg",2005,43.34,14.22
"2514","Luxembourg",2006,44.74,11.88
"2515","Luxembourg",2007,47.69,20.33
"2516","Luxembourg",2008,33.03,10.96
"2517","Luxembourg",2009,45.11,15.27
"2518","Luxembourg",2010,39.72,13.03
"2519","Luxembourg",2011,37.74,14.67
"2520","Luxembourg",2012,38.23,18.04
"2521","Luxembourg",2013,33.02,13.39
"2522","Luxembourg",2014,40.47,16.54
"2523","Luxembourg",2015,33.41,14.59
"2524","Luxembourg",2016,38.14,14.24
"2525","Luxembourg",2017,28.7,18.41
"2526","Luxembourg",2018,23.37,10.19
"2527","Luxembourg",2019,25.26,13.78
"2528","Maldives",2000,0,0
"2529","Maldives",2001,0,0
"2530","Maldives",2002,0,0
"2531","Maldives",2003,0,0
"2532","Maldives",2004,2.61,0.83
"2533","Maldives",2005,2.47,4
"2534","Maldives",2007,4.08,2.3
"2535","Maldives",2008,6.67,1.34
"2536","Maldives",2010,6.71,1.15
"2537","Maldives",2011,13.2,2.84
"2538","Maldives",2012,7.35,5.6
"2539","Maldives",2013,10.89,3.78
"2540","Maldives",2014,6.32,0.82
"2541","Maldives",2015,5.78,0.98
"2542","Maldives",2016,2.13,2.82
"2543","Maldives",2017,2.73,0.74
"2544","Maldives",2018,10.7,3.75
"2545","Maldives",2019,12.23,6.8
"2580","Malta",2000,40.08,9.05
"2581","Malta",2001,46.4,6.66
"2582","Malta",2002,47.06,4.74
"2583","Malta",2003,41.89,6.23
"2584","Malta",2004,39.46,4.67
"2585","Malta",2005,37.12,5.02
"2586","Malta",2006,39.78,5.38
"2587","Malta",2007,33.62,6.65
"2588","Malta",2008,40.95,5.52
"2589","Malta",2009,38.73,7.24
"2590","Malta",2010,36.04,9.61
"2591","Malta",2011,35.88,8.69
"2592","Malta",2012,39.54,8.96
"2593","Malta",2013,30.82,8.71
"2594","Malta",2014,37.2,6.06
"2595","Malta",2015,36.99,9.21
"2596","Malta",2016,31.9,11.17
"2597","Malta",2017,30.26,10.54
"2605","Martinique",2000,13.04,3.98
"2606","Martinique",2001,11.11,3.83
"2607","Martinique",2002,12.88,2.11
"2608","Martinique",2003,14.38,4.5
"2609","Martinique",2004,11.96,4.41
"2610","Martinique",2005,12.39,4.31
"2611","Martinique",2006,18.07,6.55
"2612","Martinique",2007,12.21,6.85
"2613","Martinique",2008,9.51,7.56
"2614","Martinique",2009,11.87,6.64
"2615","Martinique",2010,13.56,7.88
"2616","Martinique",2011,12.41,4.82
"2617","Martinique",2013,12.9,7.06
"2618","Martinique",2014,9.15,5.01
"2619","Martinique",2015,13.07,5.15
"2620","Martinique",2016,12.93,4.57
"2660","Mauritius",2000,14.88,4.38
"2661","Mauritius",2001,23.56,4.97
"2662","Mauritius",2002,18.54,5.8
"2663","Mauritius",2003,22.44,6.48
"2664","Mauritius",2004,19.95,5.76
"2665","Mauritius",2005,15.86,6.31
"2666","Mauritius",2006,19.94,5.54
"2667","Mauritius",2007,17.45,5.19
"2668","Mauritius",2008,22.89,5.61
"2669","Mauritius",2009,19.42,6.08
"2670","Mauritius",2010,18.06,5.47
"2671","Mauritius",2011,17.55,4.98
"2672","Mauritius",2012,18.52,5.46
"2673","Mauritius",2013,19.17,5.17
"2674","Mauritius",2014,19.43,4.45
"2675","Mauritius",2015,16.57,6.39
"2676","Mauritius",2016,18.4,3.66
"2677","Mauritius",2017,14.62,5.09
"2678","Mauritius",2018,12.5,5.67
"2679","Mauritius",2019,16.01,5.52
"2680","Mauritius",2020,12.46,4.67
"2681","Mayotte",2012,9.59,4.24
"2682","Mayotte",2013,1.44,4
"2683","Mayotte",2014,9.06,1.56
"2684","Mayotte",2015,7.98,5.03
"2685","Mayotte",2016,11.39,1.62
"2731","Mexico",2000,14.92,5.79
"2732","Mexico",2001,14.87,5.56
"2733","Mexico",2002,14.81,5.8
"2734","Mexico",2003,14.5,5.58
"2735","Mexico",2004,14.04,5.6
"2736","Mexico",2005,14.1,5.37
"2737","Mexico",2006,12.94,5.39
"2738","Mexico",2007,11.82,4.98
"2739","Mexico",2008,11.75,4.93
"2740","Mexico",2009,11.08,4.75
"2741","Mexico",2010,10.71,4.74
"2742","Mexico",2011,10.11,4.71
"2743","Mexico",2012,9.47,4.22
"2744","Mexico",2013,9.2,4.37
"2745","Mexico",2014,9.1,4.41
"2746","Mexico",2015,8.95,4.41
"2747","Mexico",2016,8.74,4.43
"2748","Mexico",2017,8.47,4.36
"2749","Mexico",2018,7.92,4.32
"2750","Mexico",2019,7.7,4.07
"2751","Mexico",2020,7.36,3.98
"2769","Moldova",2000,35.21,5.91
"2770","Moldova",2001,38.17,7.13
"2771","Moldova",2002,35.61,6.39
"2772","Moldova",2003,38.78,7.37
"2773","Moldova",2004,36.9,6.85
"2774","Moldova",2005,38.05,6.24
"2775","Moldova",2006,38.54,6.3
"2776","Moldova",2007,38.44,7.22
"2777","Moldova",2008,39.13,7.04
"2778","Moldova",2009,37.46,6.98
"2779","Moldova",2010,39.84,7.02
"2780","Moldova",2011,38.3,6.64
"2781","Moldova",2012,38.42,7.02
"2782","Moldova",2013,37.48,7.05
"2783","Moldova",2014,37.81,7.36
"2784","Moldova",2015,38.56,6.59
"2785","Moldova",2016,39.36,6.31
"2786","Moldova",2017,34.55,6.17
"2787","Moldova",2018,36.74,6.65
"2789","Mongolia",2016,39.72,6.5
"2790","Montenegro",2000,55.66,14.65
"2791","Montenegro",2001,53.61,13.41
"2792","Montenegro",2002,54.42,14.51
"2793","Montenegro",2003,60.66,16.35
"2794","Montenegro",2004,57.17,16.87
"2795","Montenegro",2005,61.2,17.56
"2796","Montenegro",2006,53.09,14.98
"2797","Montenegro",2007,60.05,12.89
"2798","Montenegro",2008,53.04,14.58
"2799","Montenegro",2009,51.29,14.59
"2800","Montenegro",2017,46.53,15.19
"2801","Montenegro",2019,40.5,14.26
"2852","Netherlands",2000,59.47,18.4
"2853","Netherlands",2001,59.18,18.71
"2854","Netherlands",2002,57.8,19.9
"2855","Netherlands",2003,54.37,20.78
"2856","Netherlands",2004,56.02,21.69
"2857","Netherlands",2005,53.67,22.61
"2858","Netherlands",2006,51.63,22.93
"2859","Netherlands",2007,51.18,24.16
"2860","Netherlands",2008,49.77,24.62
"2861","Netherlands",2009,48.65,24.13
"2862","Netherlands",2010,48.11,24.35
"2863","Netherlands",2011,46.99,25.82
"2864","Netherlands",2012,43.76,25.5
"2865","Netherlands",2013,41.91,25.22
"2866","Netherlands",2014,40.44,25.42
"2867","Netherlands",2015,38.95,25.3
"2868","Netherlands",2016,38.79,25.27
"2869","Netherlands",2017,36.79,23.83
"2870","Netherlands",2018,33.45,23.78
"2871","Netherlands",2019,31.67,22.75
"2872","Netherlands",2020,30.23,22.43
"2923","New Zealand",2000,36.79,19.51
"2924","New Zealand",2001,35.11,21.43
"2925","New Zealand",2002,35.05,20.63
"2926","New Zealand",2003,33.39,21.63
"2927","New Zealand",2004,35.86,21.38
"2928","New Zealand",2005,32.29,19.07
"2929","New Zealand",2006,29.48,21.32
"2930","New Zealand",2007,30.27,20.35
"2931","New Zealand",2008,30.06,22.59
"2932","New Zealand",2009,28.85,20.98
"2933","New Zealand",2010,28.64,21.21
"2934","New Zealand",2011,27.96,21.19
"2935","New Zealand",2012,26.8,19.55
"2936","New Zealand",2013,25.29,20.7
"2937","New Zealand",2014,25.11,20.12
"2938","New Zealand",2015,26.23,21.02
"2939","New Zealand",2016,25.07,19.75
"2940","Nicaragua",2005,6.24,3.99
"2941","Nicaragua",2006,6.51,2.61
"2942","Nicaragua",2007,7.07,3.26
"2943","Nicaragua",2008,6.54,3.73
"2944","Nicaragua",2009,6.27,4.3
"2945","Nicaragua",2010,6.69,3.24
"2946","Nicaragua",2011,7.22,3.18
"2947","Nicaragua",2012,7.33,4.46
"2948","Nicaragua",2013,6.29,4.08
"2949","Nicaragua",2014,5.75,3.72
"2950","Nicaragua",2015,6.32,3.6
"2951","Nicaragua",2016,5.54,3.71
"2952","Nicaragua",2017,5.27,3.08
"2953","Nicaragua",2018,5.2,2.86
"2954","Nicaragua",2019,5.1,3.25
"2964","North Macedonia",2000,44.67,8.6
"2965","North Macedonia",2001,44.97,7.84
"2966","North Macedonia",2002,45.58,6.25
"2967","North Macedonia",2003,46.99,6.53
"2968","North Macedonia",2004,46.73,7.48
"2969","North Macedonia",2005,48.56,8.81
"2970","North Macedonia",2006,49.92,8.71
"2971","North Macedonia",2007,50.02,8.79
"2972","North Macedonia",2008,49.24,9.49
"2973","North Macedonia",2009,51.35,9.36
"2974","North Macedonia",2010,50.26,9.38
"2975","North Macedonia",2011,47.26,8.48
"2976","North Macedonia",2012,47.24,9.82
"2977","North Macedonia",2013,48.8,10.33
"2978","North Macedonia",2015,46.07,10.47
"2979","North Macedonia",2016,46.98,12.56
"2980","North Macedonia",2017,39.55,11.39
"2981","North Macedonia",2018,45.14,11.53
"2982","North Macedonia",2019,38.13,11.61
"2983","North Macedonia",2020,43.3,10.39
"3033","Norway",2000,34.48,17.59
"3034","Norway",2001,34.66,18.24
"3035","Norway",2002,37.04,17.82
"3036","Norway",2003,35.59,18.35
"3037","Norway",2004,34.5,19.1
"3038","Norway",2005,33.69,19.49
"3039","Norway",2006,34.21,19.12
"3040","Norway",2007,33.79,20.73
"3041","Norway",2008,32.56,21.44
"3042","Norway",2009,32.63,18.92
"3043","Norway",2010,32.03,20.9
"3044","Norway",2011,31.7,20.59
"3045","Norway",2012,30.4,20.08
"3046","Norway",2013,28.64,20.24
"3047","Norway",2014,27.89,20.05
"3048","Norway",2015,26.8,19.78
"3049","Norway",2016,25.91,19.96
"3089","Panama",2000,12.27,5.43
"3090","Panama",2001,13.34,4.2
"3091","Panama",2002,13.73,5.65
"3092","Panama",2003,14.67,6.24
"3093","Panama",2004,13.07,6.18
"3094","Panama",2005,13.46,5.87
"3095","Panama",2006,13.84,5.45
"3096","Panama",2007,13.65,3.94
"3097","Panama",2008,14.41,5.59
"3098","Panama",2009,11.17,5
"3099","Panama",2010,11.6,4.3
"3100","Panama",2011,11.66,4.97
"3101","Panama",2012,11.34,4.07
"3102","Panama",2013,10.65,5.81
"3103","Panama",2014,10.42,5.27
"3104","Panama",2015,10.61,6
"3105","Panama",2016,8.93,4.55
"3106","Panama",2017,8.32,3.83
"3107","Panama",2018,8.08,3.83
"3108","Panama",2019,8.14,4.32
"3109","Paraguay",2000,15.41,3.22
"3110","Paraguay",2001,15.77,3.69
"3111","Paraguay",2002,13.97,3.48
"3112","Paraguay",2003,17.18,3.83
"3113","Paraguay",2004,14.54,3.71
"3114","Paraguay",2005,16.01,3.13
"3115","Paraguay",2006,16.51,3.37
"3116","Paraguay",2007,15.07,4.63
"3117","Paraguay",2008,16.96,3.29
"3118","Paraguay",2009,18.53,4.17
"3119","Paraguay",2010,18.51,4.86
"3120","Paraguay",2011,17.68,4.17
"3121","Paraguay",2012,16.3,4.87
"3122","Paraguay",2013,17.93,4.26
"3123","Paraguay",2014,16.15,4.14
"3124","Paraguay",2015,18.26,3.6
"3125","Paraguay",2016,16.61,5.08
"3126","Paraguay",2017,17.62,4.15
"3127","Paraguay",2018,16.17,3.5
"3128","Paraguay",2019,16.85,3.8
"3134","Peru",2000,9.63,5.08
"3135","Peru",2001,8.06,4.49
"3136","Peru",2002,7.12,4.92
"3137","Peru",2003,8.23,5.54
"3138","Peru",2004,8.96,5.88
"3139","Peru",2005,9.99,6.35
"3140","Peru",2006,8.93,5.6
"3141","Peru",2007,9.18,6.27
"3142","Peru",2008,9.87,6.81
"3143","Peru",2009,9.9,6.68
"3144","Peru",2010,9.68,6.8
"3145","Peru",2011,8.99,7.25
"3146","Peru",2012,8.85,6.56
"3147","Peru",2013,7.79,6.34
"3148","Peru",2014,7.89,5.94
"3149","Peru",2015,7.24,5.5
"3150","Peru",2016,5.74,4.68
"3151","Peru",2017,6.21,5.12
"3152","Peru",2018,6.74,6.06
"3168","Philippines",2000,28.22,7.85
"3169","Philippines",2001,28.29,7.7
"3170","Philippines",2002,28.88,7.91
"3171","Philippines",2003,27.89,7.75
"3172","Philippines",2006,26.11,7.79
"3173","Philippines",2007,26.32,7.92
"3174","Philippines",2008,25.94,7.68
"3175","Philippines",2009,24.98,7.7
"3176","Philippines",2010,23.87,7.71
"3177","Philippines",2011,23.3,7.49
"3178","Philippines",2014,19.68,6.92
"3179","Philippines",2016,20.17,7.42
"3180","Philippines",2017,18.8,7.23
"3181","Philippines",2018,18.33,7.01
"3182","Philippines",2019,17.09,7.09
"3222","Poland",2000,75.82,13.9
"3223","Poland",2001,76.47,14.26
"3224","Poland",2002,76.27,15.09
"3225","Poland",2003,73.53,15.4
"3226","Poland",2004,73.11,14.9
"3227","Poland",2005,72.03,15.76
"3228","Poland",2006,71.08,16.03
"3229","Poland",2007,69.23,17.04
"3230","Poland",2008,69.12,17.01
"3231","Poland",2009,65.79,17.63
"3232","Poland",2010,63.34,17.94
"3233","Poland",2011,61.14,17.84
"3234","Poland",2012,60.51,18
"3235","Poland",2013,58.46,18.25
"3236","Poland",2014,56.57,19.71
"3237","Poland",2015,56.8,19.58
"3238","Poland",2016,55.14,19.52
"3239","Poland",2017,51.67,19.62
"3240","Poland",2018,49.94,19.45
"3241","Poland",2019,47.51,19.58
"3287","Portugal",2000,31.65,5.68
"3288","Portugal",2001,31.32,5.01
"3289","Portugal",2002,32.12,5.96
"3290","Portugal",2003,33.57,5.82
"3291","Portugal",2007,32.94,6.23
"3292","Portugal",2008,31.2,6.29
"3293","Portugal",2009,32.17,6.87
"3294","Portugal",2010,33.53,6.35
"3295","Portugal",2011,32.95,7.05
"3296","Portugal",2012,32.16,6.93
"3297","Portugal",2013,35.02,7.19
"3298","Portugal",2014,33.27,7.17
"3299","Portugal",2015,32.38,8.1
"3300","Portugal",2016,32.97,7.74
"3301","Portugal",2017,33.45,7.89
"3302","Portugal",2018,32.96,7.95
"3339","Puerto Rico",2000,18.81,7.16
"3340","Puerto Rico",2001,18.38,7.03
"3341","Puerto Rico",2002,16.04,6.15
"3342","Puerto Rico",2003,17.17,7.22
"3343","Puerto Rico",2004,16.77,6.85
"3344","Puerto Rico",2005,15.22,7.14
"3345","Puerto Rico",2006,17.25,7.52
"3346","Puerto Rico",2007,16.69,7.71
"3347","Puerto Rico",2008,15.99,6.97
"3348","Puerto Rico",2009,17.7,6.33
"3349","Puerto Rico",2010,17.33,6.51
"3350","Puerto Rico",2011,16.36,6.41
"3351","Puerto Rico",2012,15.83,7.58
"3352","Puerto Rico",2013,15.05,6.68
"3353","Puerto Rico",2014,15.88,6.54
"3354","Puerto Rico",2015,14.58,6.08
"3355","Puerto Rico",2016,12.41,5.64
"3356","Puerto Rico",2017,13.53,5.22
"3357","Reunion",2001,34.44,3.51
"3358","Reunion",2002,37.1,4.46
"3359","Reunion",2003,46.33,5.09
"3360","Reunion",2004,32.52,5.9
"3361","Reunion",2005,39.62,4.55
"3362","Reunion",2006,36.29,6.65
"3363","Reunion",2007,31.62,6.71
"3364","Reunion",2008,42.25,6.04
"3365","Reunion",2009,36.71,6.29
"3366","Reunion",2010,34.48,8.69
"3367","Reunion",2011,31.24,8
"3368","Reunion",2012,32.96,5.84
"3369","Reunion",2013,30.41,4.71
"3370","Reunion",2014,32.23,8.08
"3371","Reunion",2015,31.39,8.41
"3372","Reunion",2016,27.67,6.77
"3413","Romania",2000,49.87,8.76
"3414","Romania",2001,50.18,8.76
"3415","Romania",2002,50.67,8.7
"3416","Romania",2003,49.9,9.23
"3417","Romania",2004,49.97,8.59
"3418","Romania",2005,51.88,9.44
"3419","Romania",2006,50.94,9.94
"3420","Romania",2007,51.12,9.64
"3421","Romania",2008,51.97,9.55
"3422","Romania",2009,53.01,9.7
"3423","Romania",2010,52.33,10.05
"3424","Romania",2011,52.27,10.56
"3425","Romania",2012,52.19,10.99
"3426","Romania",2013,51.41,11.23
"3427","Romania",2014,52.55,11.27
"3428","Romania",2015,52.26,11.54
"3429","Romania",2016,50.98,11.59
"3430","Romania",2017,50.03,11.88
"3431","Romania",2018,48.36,12.13
"3432","Romania",2019,45.98,11.98
"3453","Russia",2000,66.42,6.73
"3454","Russia",2001,63.61,6.73
"3455","Russia",2002,62.38,6.58
"3456","Russia",2003,60.34,6.31
"3457","Russia",2004,59.6,6.47
"3458","Russia",2005,58.58,6.3
"3459","Russia",2006,57.02,6.17
"3460","Russia",2007,56.34,6.28
"3461","Russia",2008,55.22,6.34
"3462","Russia",2009,55.01,6.39
"3463","Russia",2010,53.39,6.32
"3464","Russia",2011,51.72,6.21
"3465","Russia",2012,49.96,6.2
"3466","Russia",2013,49.25,6.27
"3467","Russia",2014,49.03,6.42
"3468","Russia",2015,47.72,6.32
"3469","Russia",2016,47.35,6.21
"3470","Russia",2017,45,6.3
"3471","Russia",2018,44.75,6.44
"3472","Russia",2019,42.7,6.18
"3497","Saint Lucia",2000,6.04,5.32
"3498","Saint Lucia",2001,6.33,5.04
"3499","Saint Lucia",2002,7.06,5.19
"3500","Saint Lucia",2003,9.76,6.2
"3501","Saint Lucia",2004,17.53,9.44
"3502","Saint Lucia",2005,20.19,2.06
"3503","Saint Lucia",2006,10.73,3.7
"3504","Saint Lucia",2008,18.4,8.01
"3505","Saint Lucia",2009,13.3,1.17
"3506","Saint Lucia",2010,15.87,4.06
"3507","Saint Lucia",2011,7.8,4.38
"3508","Saint Lucia",2012,10.97,4.04
"3509","Saint Lucia",2013,15.91,3.31
"3510","Saint Lucia",2014,12.24,2.11
"3511","Saint Lucia",2015,16.29,5.62
"3531","Saint Vincent and the Grenadines",2000,7.96,3.52
"3532","Saint Vincent and the Grenadines",2001,18.68,2.05
"3533","Saint Vincent and the Grenadines",2002,8.04,11.61
"3534","Saint Vincent and the Grenadines",2003,18.46,11.09
"3535","Saint Vincent and the Grenadines",2004,8.77,4.63
"3536","Saint Vincent and the Grenadines",2005,7.5,5.4
"3537","Saint Vincent and the Grenadines",2006,15.1,6.08
"3538","Saint Vincent and the Grenadines",2007,8,5.47
"3539","Saint Vincent and the Grenadines",2008,4.79,0
"3540","Saint Vincent and the Grenadines",2009,11.95,3.41
"3541","Saint Vincent and the Grenadines",2010,11.05,0
"3542","Saint Vincent and the Grenadines",2011,3.27,5.1
"3543","Saint Vincent and the Grenadines",2012,8.65,7.09
"3544","Saint Vincent and the Grenadines",2013,15.36,7.72
"3545","Saint Vincent and the Grenadines",2014,1.44,4.79
"3546","Saint Vincent and the Grenadines",2015,11.32,6.09
"3547","Saint Vincent and the Grenadines",2016,4.01,3.64
"3548","Saint Vincent and the Grenadines",2017,7.85,7.07
"3554","Serbia",2000,55.63,13.03
"3555","Serbia",2001,54.43,12.78
"3556","Serbia",2002,57.15,13.38
"3557","Serbia",2003,56.92,13.92
"3558","Serbia",2004,59.24,14.59
"3559","Serbia",2005,60.87,14.75
"3560","Serbia",2006,63.75,16.72
"3561","Serbia",2007,63.14,15.87
"3562","Serbia",2008,64.61,17.11
"3563","Serbia",2009,63.8,18.65
"3564","Serbia",2010,64.71,18.73
"3565","Serbia",2011,59.69,18.65
"3566","Serbia",2012,60.39,19.15
"3567","Serbia",2013,61.02,19.63
"3568","Serbia",2014,60.46,19.58
"3569","Serbia",2015,60.14,19.78
"3570","Serbia",2016,60.21,20.69
"3571","Serbia",2017,57.33,21.04
"3572","Serbia",2018,57.96,21.48
"3573","Serbia",2019,55.4,21.25
"3574","Serbia",2020,51.7,20.93
"3578","Seychelles",2001,5.94,3.81
"3579","Seychelles",2002,15.79,18.71
"3580","Seychelles",2003,30.21,2.3
"3581","Seychelles",2004,23.13,18.92
"3582","Seychelles",2005,24.55,15.76
"3583","Seychelles",2006,35.2,0
"3584","Seychelles",2007,27.01,3.68
"3585","Seychelles",2008,17.6,1.97
"3586","Seychelles",2009,23.23,1.94
"3587","Seychelles",2010,9.41,7.6
"3588","Seychelles",2011,19.1,3.06
"3589","Seychelles",2012,21.52,7.54
"3590","Seychelles",2013,8.33,0
"3591","Seychelles",2014,18.88,1.74
"3592","Seychelles",2015,11.22,5.25
"3593","Seychelles",2016,14.8,3.04
"3594","Seychelles",2017,37.1,8.46
"3595","Seychelles",2019,10.55,5.63
"3633","Singapore",2000,49.03,15.69
"3634","Singapore",2001,45.61,18.75
"3635","Singapore",2002,44.96,16.86
"3636","Singapore",2003,41.28,14.34
"3637","Singapore",2004,43.95,15.44
"3638","Singapore",2005,40.95,15.1
"3639","Singapore",2006,40.3,16.11
"3640","Singapore",2007,40.25,15.54
"3641","Singapore",2008,42.75,15.31
"3642","Singapore",2009,39.42,16.12
"3643","Singapore",2010,35.91,13.13
"3644","Singapore",2011,34.78,14.31
"3645","Singapore",2012,35.45,14.83
"3646","Singapore",2013,34.54,13.94
"3647","Singapore",2014,34.07,13.07
"3648","Singapore",2015,32.26,13.51
"3649","Singapore",2016,30.18,11.72
"3650","Singapore",2017,28.55,11.32
"3651","Singapore",2018,28.36,10.46
"3652","Singapore",2019,23.72,10.72
"3653","Singapore",2020,25.74,10.18
"3662","Slovakia",2000,67.25,9.1
"3663","Slovakia",2001,62.79,8.37
"3664","Slovakia",2002,58.92,8.21
"3665","Slovakia",2003,55.69,8.82
"3666","Slovakia",2004,55.86,9.31
"3667","Slovakia",2005,57.13,8.79
"3668","Slovakia",2006,53.43,9.06
"3669","Slovakia",2007,52.1,9.08
"3670","Slovakia",2008,51.17,9.96
"3671","Slovakia",2009,49.34,10.33
"3672","Slovakia",2010,48.36,11.26
"3673","Slovakia",2012,48.5,10.66
"3674","Slovakia",2013,47.2,11.05
"3675","Slovakia",2014,44.1,11.18
"3676","Slovakia",2016,43.05,12.43
"3677","Slovakia",2017,41.32,11.75
"3678","Slovakia",2018,41.26,10.88
"3679","Slovakia",2019,35.88,10.72
"3695","Slovenia",2000,59.09,11.53
"3696","Slovenia",2001,58.09,12.22
"3697","Slovenia",2002,54.81,13.22
"3698","Slovenia",2003,56.34,13.97
"3699","Slovenia",2004,57.85,12.7
"3700","Slovenia",2005,56.73,14.59
"3701","Slovenia",2006,55.37,13.55
"3702","Slovenia",2007,55.79,14.76
"3703","Slovenia",2008,52.66,14.76
"3704","Slovenia",2009,46.76,14.28
"3705","Slovenia",2010,50.28,14.92
"3706","Slovenia",2011,47.34,15.73
"3707","Slovenia",2012,45.7,16.13
"3708","Slovenia",2013,41.99,16.03
"3709","Slovenia",2014,43.48,17.69
"3710","Slovenia",2015,45.59,15.82
"3711","Slovenia",2016,43.3,16.96
"3712","Slovenia",2017,40.44,19.56
"3713","Slovenia",2018,37.93,19.36
"3714","Slovenia",2019,37.41,16.89
"3715","Slovenia",2020,35.45,17.39
"3720","South Africa",2000,25.3,8.43
"3721","South Africa",2001,25.7,8.46
"3722","South Africa",2002,25.05,8.01
"3723","South Africa",2003,24.06,8.34
"3724","South Africa",2004,25.63,8.81
"3725","South Africa",2005,25.35,9.08
"3726","South Africa",2006,23.83,9.05
"3727","South Africa",2007,24.46,8.7
"3728","South Africa",2008,22.85,8.41
"3729","South Africa",2009,23.85,8.72
"3730","South Africa",2010,23.53,8.59
"3731","South Africa",2011,22.97,8.53
"3732","South Africa",2012,24.08,8.38
"3733","South Africa",2013,22.6,8.55
"3734","South Africa",2014,22.8,8.45
"3735","South Africa",2015,23.58,8.86
"3736","South Africa",2016,25.15,9.43
"3737","South Africa",2017,23.51,9.15
"3738","South Africa",2018,22.86,8.9
"3754","South Korea",2000,51.7,12.09
"3755","South Korea",2001,51.93,12.02
"3756","South Korea",2002,51.92,12.61
"3757","South Korea",2003,50.36,12.18
"3758","South Korea",2004,50.58,11.9
"3759","South Korea",2005,49.67,12.15
"3760","South Korea",2006,49.54,11.46
"3761","South Korea",2007,47.67,11.38
"3762","South Korea",2008,46.69,11.28
"3763","South Korea",2009,44.13,11.14
"3764","South Korea",2010,44.27,11.07
"3765","South Korea",2011,42.54,11
"3766","South Korea",2012,42.8,10.77
"3767","South Korea",2013,41.6,10.71
"3768","South Korea",2014,40.59,10.25
"3769","South Korea",2015,38.1,9.96
"3770","South Korea",2016,38.28,9.31
"3771","South Korea",2017,36.13,8.96
"3772","South Korea",2018,33.99,8.48
"3773","South Korea",2019,33.55,8.49
"3823","Spain",2000,52.02,5.24
"3824","Spain",2001,53.19,5.39
"3825","Spain",2002,51.4,5.73
"3826","Spain",2003,51.82,5.98
"3827","Spain",2004,51.23,6.48
"3828","Spain",2005,49.87,6.32
"3829","Spain",2006,49.56,6.76
"3830","Spain",2007,49.15,6.95
"3831","Spain",2008,48.01,7.48
"3832","Spain",2009,47.46,7.62
"3833","Spain",2010,46.61,8.33
"3834","Spain",2011,46.22,8.33
"3835","Spain",2012,45.17,8.85
"3836","Spain",2013,43.81,9.27
"3837","Spain",2014,42.18,9
"3838","Spain",2015,41.48,9.61
"3839","Spain",2016,41.44,9.8
"3840","Spain",2017,39.7,10.21
"3841","Spain",2018,38.89,10.19
"3842","Spain",2019,37.32,10.32
"3843","Spain",2020,35.93,10.42
"3869","Sri Lanka",2000,4.81,1.47
"3870","Sri Lanka",2001,5.32,1.47
"3871","Sri Lanka",2002,4.83,1.22
"3872","Sri Lanka",2003,5.28,1.55
"3873","Sri Lanka",2004,6.49,1.86
"3874","Sri Lanka",2005,6.07,2.11
"3875","Sri Lanka",2006,6.68,1.94
"3876","Sri Lanka",2007,7.68,2.44
"3877","Sri Lanka",2009,8.63,2.41
"3878","Sri Lanka",2010,8.41,2.09
"3879","Sri Lanka",2011,9.5,2.9
"3880","Sri Lanka",2012,7.99,2.81
"3881","Sri Lanka",2013,8.95,2.74
"3882","Sri Lanka",2014,8.8,2.92
"3910","Suriname",2000,19.38,5.27
"3911","Suriname",2001,17.81,4.16
"3912","Suriname",2002,19.67,4.81
"3913","Suriname",2003,13.9,4.83
"3914","Suriname",2004,14.61,4.13
"3915","Suriname",2005,13.25,5.92
"3916","Suriname",2006,15.69,8.3
"3917","Suriname",2007,15.48,6.68
"3918","Suriname",2008,17.13,5.05
"3919","Suriname",2009,16.24,5.88
"3920","Suriname",2010,13.31,6.22
"3921","Suriname",2011,13.17,5.02
"3922","Suriname",2012,16.86,6.75
"3923","Suriname",2013,19.08,9.71
"3924","Suriname",2014,21.58,6.94
"3974","Sweden",2000,23.79,14.71
"3975","Sweden",2001,23.8,15.91
"3976","Sweden",2002,23.25,15.66
"3977","Sweden",2003,23.57,15.36
"3978","Sweden",2004,23.24,17.11
"3979","Sweden",2005,24.2,17.64
"3980","Sweden",2006,23.21,17.16
"3981","Sweden",2007,21.54,17.66
"3982","Sweden",2008,22.42,17.49
"3983","Sweden",2009,21,17.28
"3984","Sweden",2010,21.6,16.87
"3985","Sweden",2011,21.09,16.72
"3986","Sweden",2012,20.27,16.34
"3987","Sweden",2013,19.21,17.17
"3988","Sweden",2014,18.63,17.23
"3989","Sweden",2015,18.46,16.56
"3990","Sweden",2016,17.98,16.31
"3991","Sweden",2017,17.63,16.53
"3992","Sweden",2018,16.19,15.57
"4042","Switzerland",2000,39.43,12.16
"4043","Switzerland",2001,38.78,11.5
"4044","Switzerland",2002,35.29,11.85
"4045","Switzerland",2003,35.78,12.43
"4046","Switzerland",2004,34.41,12.8
"4047","Switzerland",2005,35.71,12.63
"4048","Switzerland",2006,32.77,14.03
"4049","Switzerland",2007,33.35,14
"4050","Switzerland",2008,33.41,13.34
"4051","Switzerland",2009,30.02,14.05
"4052","Switzerland",2010,31.26,14.33
"4053","Switzerland",2011,30.17,14.84
"4054","Switzerland",2012,28.15,14.52
"4055","Switzerland",2013,27.61,14.71
"4056","Switzerland",2014,27.47,14.21
"4057","Switzerland",2015,27.46,13.86
"4058","Switzerland",2016,25.18,14.87
"4059","Switzerland",2017,25.48,14.46
"4060","Switzerland",2018,24.72,14.31
"4063","Syria",2000,8.28,4.9
"4064","Syria",2001,6.53,2.31
"4065","Syria",2002,8.39,2.16
"4066","Syria",2003,9.01,3.17
"4067","Syria",2004,8.19,2.74
"4068","Syria",2005,8.05,2.59
"4069","Syria",2006,7.77,2.68
"4070","Syria",2007,9.08,2.28
"4071","Syria",2008,11.64,3.26
"4072","Syria",2009,9.84,3.26
"4073","Syria",2010,10.43,3.25
"4091","Tajikistan",2000,5.22,2.36
"4092","Tajikistan",2001,5.13,2.58
"4093","Tajikistan",2002,6.6,2.86
"4094","Tajikistan",2003,7.8,3.45
"4095","Tajikistan",2004,7.9,3.34
"4096","Tajikistan",2005,6.78,3.49
"4097","Tajikistan",2016,6.19,3.37
"4098","Tajikistan",2017,5.51,2.89
"4127","Thailand",2000,14.21,5.69
"4128","Thailand",2002,18.03,7.03
"4129","Thailand",2003,18.82,7.31
"4130","Thailand",2004,17.89,7.21
"4131","Thailand",2005,18.41,7.11
"4132","Thailand",2006,17.35,7.26
"4133","Thailand",2007,20.4,7.95
"4134","Thailand",2008,20.47,8.02
"4135","Thailand",2009,21.1,7.96
"4136","Thailand",2010,20.67,8.57
"4137","Thailand",2011,21.94,9.01
"4138","Thailand",2012,22.21,9.07
"4139","Thailand",2013,23.29,9.55
"4140","Thailand",2014,22.81,9.72
"4141","Thailand",2015,23.53,10.23
"4142","Thailand",2016,23.12,10.2
"4143","Thailand",2017,23.14,9.9
"4144","Thailand",2018,22.1,10.42
"4145","Thailand",2019,22.45,10.26
"4191","Trinidad and Tobago",2000,15.98,3.46
"4192","Trinidad and Tobago",2001,17.37,4.37
"4193","Trinidad and Tobago",2002,15.48,4.34
"4194","Trinidad and Tobago",2003,18.46,4.5
"4195","Trinidad and Tobago",2004,17.46,2.72
"4196","Trinidad and Tobago",2005,17.08,3.56
"4197","Trinidad and Tobago",2006,16.85,3.05
"4198","Trinidad and Tobago",2007,15.48,4.57
"4199","Trinidad and Tobago",2008,15.51,4.51
"4200","Trinidad and Tobago",2009,15.45,3.72
"4201","Trinidad and Tobago",2010,17.85,4.83
"4202","Trinidad and Tobago",2011,13.51,5.17
"4203","Trinidad and Tobago",2012,15.75,3.9
"4204","Turkey",2009,50.62,7.26
"4205","Turkey",2010,51.93,7.15
"4206","Turkey",2011,52.45,7.44
"4207","Turkey",2012,52.9,7.92
"4208","Turkey",2013,56.59,7.91
"4209","Turkey",2014,55.17,8.06
"4210","Turkey",2015,53.62,8.18
"4211","Turkey",2016,53.24,8.24
"4212","Turkey",2019,46.74,7.44
"4230","Turkmenistan",2000,13.98,3.16
"4231","Turkmenistan",2001,13.38,4.59
"4232","Turkmenistan",2002,14.22,3.16
"4233","Turkmenistan",2003,9.75,2.25
"4234","Turkmenistan",2004,9.96,2.28
"4235","Turkmenistan",2005,10.54,2.6
"4236","Turkmenistan",2006,10.11,2.71
"4237","Turkmenistan",2007,10.71,2.81
"4238","Turkmenistan",2009,10.06,2.79
"4239","Turkmenistan",2010,11.92,3.5
"4240","Turkmenistan",2011,12.54,3.4
"4241","Turkmenistan",2012,9.51,2.65
"4242","Turkmenistan",2013,9.52,2.45
"4243","Turkmenistan",2014,12.59,3.33
"4244","Turkmenistan",2015,11.61,2.97
"4262","Ukraine",2000,55.07,6.32
"4263","Ukraine",2001,52.36,5.89
"4264","Ukraine",2002,51.12,5.56
"4265","Ukraine",2003,48.94,5.36
"4266","Ukraine",2004,47.88,5.58
"4267","Ukraine",2005,46.69,5.28
"4268","Ukraine",2006,46.11,5.23
"4269","Ukraine",2007,44.55,4.96
"4270","Ukraine",2008,42.9,5.04
"4271","Ukraine",2009,42.22,5.12
"4272","Ukraine",2010,41.85,5.02
"4273","Ukraine",2011,42.2,5.04
"4274","Ukraine",2012,43.62,5.44
"4275","Ukraine",2014,39.88,5.16
"4276","Ukraine",2015,37.09,4.74
"4277","Ukraine",2017,35.09,4.84
"4278","Ukraine",2018,34.16,4.79
"4279","Ukraine",2019,34.25,5.05
"4330","United Kingdom",2000,45.87,22.78
"4331","United Kingdom",2001,44.81,22.49
"4332","United Kingdom",2002,43.88,22.69
"4333","United Kingdom",2003,41.95,22.66
"4334","United Kingdom",2004,40.8,22.66
"4335","United Kingdom",2005,40.14,23
"4336","United Kingdom",2006,39.77,23.89
"4337","United Kingdom",2007,39.03,23.82
"4338","United Kingdom",2008,38.58,24.37
"4339","United Kingdom",2009,37.54,23.7
"4340","United Kingdom",2010,36.25,23.77
"4341","United Kingdom",2011,35.69,23.43
"4342","United Kingdom",2012,34.31,23.75
"4343","United Kingdom",2013,33.87,23.21
"4344","United Kingdom",2014,33.13,23.3
"4345","United Kingdom",2015,31.76,23.04
"4346","United Kingdom",2016,31.37,22.58
"4347","United Kingdom",2017,29.82,21.98
"4348","United Kingdom",2018,29.52,21.89
"4349","United Kingdom",2019,27.81,20.73
"4400","United States",2000,53.67,29.66
"4401","United States",2001,52.41,29.36
"4402","United States",2002,51.08,29.63
"4403","United States",2003,49.9,29.36
"4404","United States",2004,48.74,29.04
"4405","United States",2005,47.88,28.69
"4406","United States",2006,46.42,28.33
"4407","United States",2007,44.79,28.11
"4408","United States",2008,43.59,27.65
"4409","United States",2009,42.04,27.2
"4410","United States",2010,40.85,26.54
"4411","United States",2011,39.27,25.81
"4412","United States",2012,38.15,25.49
"4413","United States",2013,36.62,24.83
"4414","United States",2014,35.31,24.29
"4415","United States",2015,33.78,23.37
"4416","United States",2016,31.65,22.13
"4417","United States",2017,29.95,21.3
"4418","United States",2018,28.19,20.37
"4419","United States",2019,26.93,19.44
"4420","United States",2020,25.55,18.56
"4461","Uruguay",2000,53.5,6.29
"4462","Uruguay",2001,53.37,6.71
"4463","Uruguay",2002,53.55,6.64
"4464","Uruguay",2003,53.1,7.78
"4465","Uruguay",2004,47.63,7.78
"4466","Uruguay",2005,50.32,7.23
"4467","Uruguay",2006,49.71,7.04
"4468","Uruguay",2007,48.46,8.42
"4469","Uruguay",2008,48.26,10.34
"4470","Uruguay",2009,49.11,8.43
"4471","Uruguay",2010,48.13,9.89
"4472","Uruguay",2012,43.52,9.89
"4473","Uruguay",2013,44.46,10.65
"4474","Uruguay",2014,46.35,11.38
"4475","Uruguay",2015,44.11,12.21
"4476","Uruguay",2016,42.69,13.16
"4477","Uruguay",2017,41.9,11.41
"4478","Uruguay",2018,42.78,12.7
"4479","Uruguay",2019,42.69,14.24
"4497","Uzbekistan",2000,12.12,3.72
"4498","Uzbekistan",2001,11.46,3.3
"4499","Uzbekistan",2002,12.22,3.49
"4500","Uzbekistan",2003,11.2,3.57
"4501","Uzbekistan",2004,10.18,2.65
"4502","Uzbekistan",2005,10.96,3.4
"4503","Uzbekistan",2009,9.08,2.65
"4504","Uzbekistan",2010,8.81,2.81
"4505","Uzbekistan",2011,10.54,2.67
"4506","Uzbekistan",2012,9.18,3.47
"4507","Uzbekistan",2013,10.17,3.28
"4508","Uzbekistan",2014,9.68,3.02
"4509","Uzbekistan",2015,10.1,2.94
"4510","Uzbekistan",2016,9.51,3.47
"4511","Uzbekistan",2017,10.2,3.49
"4512","Uzbekistan",2018,9.18,3.19
"4513","Uzbekistan",2019,9.79,3.06
"4556","Venezuela",2000,19.27,10.09
"4557","Venezuela",2001,20.2,10.46
"4558","Venezuela",2002,19.6,10.44
"4559","Venezuela",2003,20.47,10.51
"4560","Venezuela",2004,20.82,10.69
"4561","Venezuela",2005,20.36,10.77
"4562","Venezuela",2006,20.75,10.13
"4563","Venezuela",2007,20.85,11.28
"4564","Venezuela",2008,20.33,11.66
"4565","Venezuela",2009,20.79,10.84
"4566","Venezuela",2010,21.45,10.61
"4567","Venezuela",2011,20,10.79
"4568","Venezuela",2012,19.65,11.13
"4569","Venezuela",2013,18.64,11.08
"4570","Venezuela",2014,19.58,11.09
"4571","Venezuela",2015,18.15,11.25
"4572","Venezuela",2016,17.47,10.5
